"1","Joanna","Kowalska","1900-08-25"
"2","Jan","Nowak","1975-05-20"
"3","Piotr","Mikluszewski","2000-05-05"
"4","Kamil","Cyran","1998-03-30"
"5","Magdalena","Borowska","1965-03-28"
"6","Monika","Maj","1950-01-01"
"7","Klaudia","Bala","1993-04-14"
"8","Janina","Dudek","1970-06-15"
"9","Zofia","Roznowska","2009-05-16"
"10","Cecylia","Popek","1973-04-03"
"11","Konrad","Makur","1999-09-09"
"12","Jadwiga","Luzowska","1970-08-07"
"13","Kornelia","Duda","1960-04-05"
"14","Anna","Cięciwa","1978-05-02"
"15","Olgierd","Mróz","1943-11-27"
"16","Tomasz","Baran","1981-01-15"
"17","Stefan","Olszewski","1973-05-17"
"18","Patrycja","Kluza","2002-02-20"
"19","Aneta","Papier","2018-03-15"
"20","Hanna","Mrok","1969-07-27"
"1","Joanna","Kowalska","1900-08-25"
"2","Jan","Nowak","1975-05-20"
"3","Piotr","Mikluszewski","2000-05-05"
"4","Kamil","Cyran","1998-03-30"
"5","Magdalena","Borowska","1965-03-28"
"6","Monika","Maj","1950-01-01"
"7","Klaudia","Bala","1993-04-14"
"8","Janina","Dudek","1970-06-15"
"9","Zofia","Roznowska","2009-05-16"
"10","Cecylia","Popek","1973-04-03"
"11","Konrad","Makur","1999-09-09"
"12","Jadwiga","Luzowska","1970-08-07"
"13","Kornelia","Duda","1960-04-05"
"14","Anna","Cięciwa","1978-05-02"
"15","Olgierd","Mróz","1943-11-27"
"16","Tomasz","Baran","1981-01-15"
"17","Stefan","Olszewski","1973-05-17"
"18","Patrycja","Kluza","2002-02-20"
"19","Aneta","Papier","2018-03-15"
"20","Hanna","Mrok","1969-07-27"
"1","Joanna","Kowalska","1900-08-25"
"2","Jan","Nowak","1975-05-20"
"3","Piotr","Mikluszewski","2000-05-05"
"4","Kamil","Cyran","1998-03-30"
"5","Magdalena","Borowska","1965-03-28"
"6","Monika","Maj","1950-01-01"
"7","Klaudia","Bala","1993-04-14"
"8","Janina","Dudek","1970-06-15"
"9","Zofia","Roznowska","2009-05-16"
"10","Cecylia","Popek","1973-04-03"
"11","Konrad","Makur","1999-09-09"
"12","Jadwiga","Luzowska","1970-08-07"
"13","Kornelia","Duda","1960-04-05"
"14","Anna","Cięciwa","1978-05-02"
"15","Olgierd","Mróz","1943-11-27"
"16","Tomasz","Baran","1981-01-15"
"17","Stefan","Olszewski","1973-05-17"
"18","Patrycja","Kluza","2002-02-20"
"19","Aneta","Papier","2018-03-15"
"20","Hanna","Mrok","1969-07-27"
"1","Joanna","Kowalska","1900-08-25"
"2","Jan","Nowak","1975-05-20"
"3","Piotr","Mikluszewski","2000-05-05"
"4","Kamil","Cyran","1998-03-30"
"5","Magdalena","Borowska","1965-03-28"
"6","Monika","Maj","1950-01-01"
"7","Klaudia","Bala","1993-04-14"
"8","Janina","Dudek","1970-06-15"
"9","Zofia","Roznowska","2009-05-16"
"10","Cecylia","Popek","1973-04-03"
"11","Konrad","Makur","1999-09-09"
"12","Jadwiga","Luzowska","1970-08-07"
"13","Kornelia","Duda","1960-04-05"
"14","Anna","Cięciwa","1978-05-02"
"15","Olgierd","Mróz","1943-11-27"
"16","Tomasz","Baran","1981-01-15"
"17","Stefan","Olszewski","1973-05-17"
"18","Patrycja","Kluza","2002-02-20"
"19","Aneta","Papier","2018-03-15"
"20","Hanna","Mrok","1969-07-27"
"1","Joanna","Kowalska","1900-08-25"
"2","Jan","Nowak","1975-05-20"
"3","Piotr","Mikluszewski","2000-05-05"
"4","Kamil","Cyran","1998-03-30"
"5","Magdalena","Borowska","1965-03-28"
"6","Monika","Maj","1950-01-01"
"7","Klaudia","Bala","1993-04-14"
"8","Janina","Dudek","1970-06-15"
"9","Zofia","Roznowska","2009-05-16"
"10","Cecylia","Popek","1973-04-03"
"11","Konrad","Makur","1999-09-09"
"12","Jadwiga","Luzowska","1970-08-07"
"13","Kornelia","Duda","1960-04-05"
"14","Anna","Cięciwa","1978-05-02"
"15","Olgierd","Mróz","1943-11-27"
"16","Tomasz","Baran","1981-01-15"
"17","Stefan","Olszewski","1973-05-17"
"18","Patrycja","Kluza","2002-02-20"
"19","Aneta","Papier","2018-03-15"
"20","Hanna","Mrok","1969-07-27"
"1","Joanna","Kowalska","1900-08-25"
"2","Jan","Nowak","1975-05-20"
"3","Piotr","Mikluszewski","2000-05-05"
"4","Kamil","Cyran","1998-03-30"
"5","Magdalena","Borowska","1965-03-28"
"6","Monika","Maj","1950-01-01"
"7","Klaudia","Bala","1993-04-14"
"8","Janina","Dudek","1970-06-15"
"9","Zofia","Roznowska","2009-05-16"
"10","Cecylia","Popek","1973-04-03"
"11","Konrad","Makur","1999-09-09"
"12","Jadwiga","Luzowska","1970-08-07"
"13","Kornelia","Duda","1960-04-05"
"14","Anna","Cięciwa","1978-05-02"
"15","Olgierd","Mróz","1943-11-27"
"16","Tomasz","Baran","1981-01-15"
"17","Stefan","Olszewski","1973-05-17"
"18","Patrycja","Kluza","2002-02-20"
"19","Aneta","Papier","2018-03-15"
"20","Hanna","Mrok","1969-07-27"
"1","Joanna","Kowalska","1900-08-25"
"2","Jan","Nowak","1975-05-20"
"3","Piotr","Mikluszewski","2000-05-05"
"4","Kamil","Cyran","1998-03-30"
"5","Magdalena","Borowska","1965-03-28"
"6","Monika","Maj","1950-01-01"
"7","Klaudia","Bala","1993-04-14"
"8","Janina","Dudek","1970-06-15"
"9","Zofia","Roznowska","2009-05-16"
"10","Cecylia","Popek","1973-04-03"
"11","Konrad","Makur","1999-09-09"
"12","Jadwiga","Luzowska","1970-08-07"
"13","Kornelia","Duda","1960-04-05"
"14","Anna","Cięciwa","1978-05-02"
"15","Olgierd","Mróz","1943-11-27"
"16","Tomasz","Baran","1981-01-15"
"17","Stefan","Olszewski","1973-05-17"
"18","Patrycja","Kluza","2002-02-20"
"19","Aneta","Papier","2018-03-15"
"20","Hanna","Mrok","1969-07-27"
"1","Joanna","Kowalska","1900-08-25"
"2","Jan","Nowak","1975-05-20"
"3","Piotr","Mikluszewski","2000-05-05"
"4","Kamil","Cyran","1998-03-30"
"5","Magdalena","Borowska","1965-03-28"
"6","Monika","Maj","1950-01-01"
"7","Klaudia","Bala","1993-04-14"
"8","Janina","Dudek","1970-06-15"
"9","Zofia","Roznowska","2009-05-16"
"10","Cecylia","Popek","1973-04-03"
"11","Konrad","Makur","1999-09-09"
"12","Jadwiga","Luzowska","1970-08-07"
"13","Kornelia","Duda","1960-04-05"
"14","Anna","Cięciwa","1978-05-02"
"15","Olgierd","Mróz","1943-11-27"
"16","Tomasz","Baran","1981-01-15"
"17","Stefan","Olszewski","1973-05-17"
"18","Patrycja","Kluza","2002-02-20"
"19","Aneta","Papier","2018-03-15"
"20","Hanna","Mrok","1969-07-27"
"1","Joanna","Kowalska","1900-08-25"
"2","Jan","Nowak","1975-05-20"
"3","Piotr","Mikluszewski","2000-05-05"
"4","Kamil","Cyran","1998-03-30"
"5","Magdalena","Borowska","1965-03-28"
"6","Monika","Maj","1950-01-01"
"7","Klaudia","Bala","1993-04-14"
"8","Janina","Dudek","1970-06-15"
"9","Zofia","Roznowska","2009-05-16"
"10","Cecylia","Popek","1973-04-03"
"11","Konrad","Makur","1999-09-09"
"12","Jadwiga","Luzowska","1970-08-07"
"13","Kornelia","Duda","1960-04-05"
"14","Anna","Cięciwa","1978-05-02"
"15","Olgierd","Mróz","1943-11-27"
"16","Tomasz","Baran","1981-01-15"
"17","Stefan","Olszewski","1973-05-17"
"18","Patrycja","Kluza","2002-02-20"
"19","Aneta","Papier","2018-03-15"
"20","Hanna","Mrok","1969-07-27"
"1","Joanna","Kowalska","1900-08-25"
"2","Jan","Nowak","1975-05-20"
"3","Piotr","Mikluszewski","2000-05-05"
"4","Kamil","Cyran","1998-03-30"
"5","Magdalena","Borowska","1965-03-28"
"6","Monika","Maj","1950-01-01"
"7","Klaudia","Bala","1993-04-14"
"8","Janina","Dudek","1970-06-15"
"9","Zofia","Roznowska","2009-05-16"
"10","Cecylia","Popek","1973-04-03"
"11","Konrad","Makur","1999-09-09"
"12","Jadwiga","Luzowska","1970-08-07"
"13","Kornelia","Duda","1960-04-05"
"14","Anna","Cięciwa","1978-05-02"
"15","Olgierd","Mróz","1943-11-27"
"16","Tomasz","Baran","1981-01-15"
"17","Stefan","Olszewski","1973-05-17"
"18","Patrycja","Kluza","2002-02-20"
"19","Aneta","Papier","2018-03-15"
"20","Hanna","Mrok","1969-07-27"
"1","Joanna","Kowalska","1900-08-25"
"2","Jan","Nowak","1975-05-20"
"3","Piotr","Mikluszewski","2000-05-05"
"4","Kamil","Cyran","1998-03-30"
"5","Magdalena","Borowska","1965-03-28"
"6","Monika","Maj","1950-01-01"
"7","Klaudia","Bala","1993-04-14"
"8","Janina","Dudek","1970-06-15"
"9","Zofia","Roznowska","2009-05-16"
"10","Cecylia","Popek","1973-04-03"
"11","Konrad","Makur","1999-09-09"
"12","Jadwiga","Luzowska","1970-08-07"
"13","Kornelia","Duda","1960-04-05"
"14","Anna","Cięciwa","1978-05-02"
"15","Olgierd","Mróz","1943-11-27"
"16","Tomasz","Baran","1981-01-15"
"17","Stefan","Olszewski","1973-05-17"
"18","Patrycja","Kluza","2002-02-20"
"19","Aneta","Papier","2018-03-15"
"20","Hanna","Mrok","1969-07-27"
"1","Joanna","Kowalska","1900-08-25"
"2","Jan","Nowak","1975-05-20"
"3","Piotr","Mikluszewski","2000-05-05"
"4","Kamil","Cyran","1998-03-30"
"5","Magdalena","Borowska","1965-03-28"
"6","Monika","Maj","1950-01-01"
"7","Klaudia","Bala","1993-04-14"
"8","Janina","Dudek","1970-06-15"
"9","Zofia","Roznowska","2009-05-16"
"10","Cecylia","Popek","1973-04-03"
"11","Konrad","Makur","1999-09-09"
"12","Jadwiga","Luzowska","1970-08-07"
"13","Kornelia","Duda","1960-04-05"
"14","Anna","Cięciwa","1978-05-02"
"15","Olgierd","Mróz","1943-11-27"
"16","Tomasz","Baran","1981-01-15"
"17","Stefan","Olszewski","1973-05-17"
"18","Patrycja","Kluza","2002-02-20"
"19","Aneta","Papier","2018-03-15"
"20","Hanna","Mrok","1969-07-27"
"1","Joanna","Kowalska","1900-08-25"
"2","Jan","Nowak","1975-05-20"
"3","Piotr","Mikluszewski","2000-05-05"
"4","Kamil","Cyran","1998-03-30"
"5","Magdalena","Borowska","1965-03-28"
"6","Monika","Maj","1950-01-01"
"7","Klaudia","Bala","1993-04-14"
"8","Janina","Dudek","1970-06-15"
"9","Zofia","Roznowska","2009-05-16"
"10","Cecylia","Popek","1973-04-03"
"11","Konrad","Makur","1999-09-09"
"12","Jadwiga","Luzowska","1970-08-07"
"13","Kornelia","Duda","1960-04-05"
"14","Anna","Cięciwa","1978-05-02"
"15","Olgierd","Mróz","1943-11-27"
"16","Tomasz","Baran","1981-01-15"
"17","Stefan","Olszewski","1973-05-17"
"18","Patrycja","Kluza","2002-02-20"
"19","Aneta","Papier","2018-03-15"
"20","Hanna","Mrok","1969-07-27"
"1","Joanna","Kowalska","1900-08-25"
"2","Jan","Nowak","1975-05-20"
"3","Piotr","Mikluszewski","2000-05-05"
"4","Kamil","Cyran","1998-03-30"
"5","Magdalena","Borowska","1965-03-28"
"6","Monika","Maj","1950-01-01"
"7","Klaudia","Bala","1993-04-14"
"8","Janina","Dudek","1970-06-15"
"9","Zofia","Roznowska","2009-05-16"
"10","Cecylia","Popek","1973-04-03"
"11","Konrad","Makur","1999-09-09"
"12","Jadwiga","Luzowska","1970-08-07"
"13","Kornelia","Duda","1960-04-05"
"14","Anna","Cięciwa","1978-05-02"
"15","Olgierd","Mróz","1943-11-27"
"16","Tomasz","Baran","1981-01-15"
"17","Stefan","Olszewski","1973-05-17"
"18","Patrycja","Kluza","2002-02-20"
"19","Aneta","Papier","2018-03-15"
"20","Hanna","Mrok","1969-07-27"
"1","Joanna","Kowalska","1900-08-25"
"2","Jan","Nowak","1975-05-20"
"3","Piotr","Mikluszewski","2000-05-05"
"4","Kamil","Cyran","1998-03-30"
"5","Magdalena","Borowska","1965-03-28"
"6","Monika","Maj","1950-01-01"
"7","Klaudia","Bala","1993-04-14"
"8","Janina","Dudek","1970-06-15"
"9","Zofia","Roznowska","2009-05-16"
"10","Cecylia","Popek","1973-04-03"
"11","Konrad","Makur","1999-09-09"
"12","Jadwiga","Luzowska","1970-08-07"
"13","Kornelia","Duda","1960-04-05"
"14","Anna","Cięciwa","1978-05-02"
"15","Olgierd","Mróz","1943-11-27"
"16","Tomasz","Baran","1981-01-15"
"17","Stefan","Olszewski","1973-05-17"
"18","Patrycja","Kluza","2002-02-20"
"19","Aneta","Papier","2018-03-15"
"20","Hanna","Mrok","1969-07-27"
"1","Joanna","Kowalska","1900-08-25"
"2","Jan","Nowak","1975-05-20"
"3","Piotr","Mikluszewski","2000-05-05"
"4","Kamil","Cyran","1998-03-30"
"5","Magdalena","Borowska","1965-03-28"
"6","Monika","Maj","1950-01-01"
"7","Klaudia","Bala","1993-04-14"
"8","Janina","Dudek","1970-06-15"
"9","Zofia","Roznowska","2009-05-16"
"10","Cecylia","Popek","1973-04-03"
"11","Konrad","Makur","1999-09-09"
"12","Jadwiga","Luzowska","1970-08-07"
"13","Kornelia","Duda","1960-04-05"
"14","Anna","Cięciwa","1978-05-02"
"15","Olgierd","Mróz","1943-11-27"
"16","Tomasz","Baran","1981-01-15"
"17","Stefan","Olszewski","1973-05-17"
"18","Patrycja","Kluza","2002-02-20"
"19","Aneta","Papier","2018-03-15"
"20","Hanna","Mrok","1969-07-27"
"1","Joanna","Kowalska","1900-08-25"
"2","Jan","Nowak","1975-05-20"
"3","Piotr","Mikluszewski","2000-05-05"
"4","Kamil","Cyran","1998-03-30"
"5","Magdalena","Borowska","1965-03-28"
"6","Monika","Maj","1950-01-01"
"7","Klaudia","Bala","1993-04-14"
"8","Janina","Dudek","1970-06-15"
"9","Zofia","Roznowska","2009-05-16"
"10","Cecylia","Popek","1973-04-03"
"11","Konrad","Makur","1999-09-09"
"12","Jadwiga","Luzowska","1970-08-07"
"13","Kornelia","Duda","1960-04-05"
"14","Anna","Cięciwa","1978-05-02"
"15","Olgierd","Mróz","1943-11-27"
"16","Tomasz","Baran","1981-01-15"
"17","Stefan","Olszewski","1973-05-17"
"18","Patrycja","Kluza","2002-02-20"
"19","Aneta","Papier","2018-03-15"
"20","Hanna","Mrok","1969-07-27"
"1","Joanna","Kowalska","1900-08-25"
"2","Jan","Nowak","1975-05-20"
"3","Piotr","Mikluszewski","2000-05-05"
"4","Kamil","Cyran","1998-03-30"
"5","Magdalena","Borowska","1965-03-28"
"6","Monika","Maj","1950-01-01"
"7","Klaudia","Bala","1993-04-14"
"8","Janina","Dudek","1970-06-15"
"9","Zofia","Roznowska","2009-05-16"
"10","Cecylia","Popek","1973-04-03"
"11","Konrad","Makur","1999-09-09"
"12","Jadwiga","Luzowska","1970-08-07"
"13","Kornelia","Duda","1960-04-05"
"14","Anna","Cięciwa","1978-05-02"
"15","Olgierd","Mróz","1943-11-27"
"16","Tomasz","Baran","1981-01-15"
"17","Stefan","Olszewski","1973-05-17"
"18","Patrycja","Kluza","2002-02-20"
"19","Aneta","Papier","2018-03-15"
"20","Hanna","Mrok","1969-07-27"
"1","Joanna","Kowalska","1900-08-25"
"2","Jan","Nowak","1975-05-20"
"3","Piotr","Mikluszewski","2000-05-05"
"4","Kamil","Cyran","1998-03-30"
"5","Magdalena","Borowska","1965-03-28"
"6","Monika","Maj","1950-01-01"
"7","Klaudia","Bala","1993-04-14"
"8","Janina","Dudek","1970-06-15"
"9","Zofia","Roznowska","2009-05-16"
"10","Cecylia","Popek","1973-04-03"
"11","Konrad","Makur","1999-09-09"
"12","Jadwiga","Luzowska","1970-08-07"
"13","Kornelia","Duda","1960-04-05"
"14","Anna","Cięciwa","1978-05-02"
"15","Olgierd","Mróz","1943-11-27"
"16","Tomasz","Baran","1981-01-15"
"17","Stefan","Olszewski","1973-05-17"
"18","Patrycja","Kluza","2002-02-20"
"19","Aneta","Papier","2018-03-15"
"20","Hanna","Mrok","1969-07-27"
"1","Joanna","Kowalska","1900-08-25"
"2","Jan","Nowak","1975-05-20"
"3","Piotr","Mikluszewski","2000-05-05"
"4","Kamil","Cyran","1998-03-30"
"5","Magdalena","Borowska","1965-03-28"
"6","Monika","Maj","1950-01-01"
"7","Klaudia","Bala","1993-04-14"
"8","Janina","Dudek","1970-06-15"
"9","Zofia","Roznowska","2009-05-16"
"10","Cecylia","Popek","1973-04-03"
"11","Konrad","Makur","1999-09-09"
"12","Jadwiga","Luzowska","1970-08-07"
"13","Kornelia","Duda","1960-04-05"
"14","Anna","Cięciwa","1978-05-02"
"15","Olgierd","Mróz","1943-11-27"
"16","Tomasz","Baran","1981-01-15"
"17","Stefan","Olszewski","1973-05-17"
"18","Patrycja","Kluza","2002-02-20"
"19","Aneta","Papier","2018-03-15"
"20","Hanna","Mrok","1969-07-27"
"1","Joanna","Kowalska","1900-08-25"
"2","Jan","Nowak","1975-05-20"
"3","Piotr","Mikluszewski","2000-05-05"
"4","Kamil","Cyran","1998-03-30"
"5","Magdalena","Borowska","1965-03-28"
"6","Monika","Maj","1950-01-01"
"7","Klaudia","Bala","1993-04-14"
"8","Janina","Dudek","1970-06-15"
"9","Zofia","Roznowska","2009-05-16"
"10","Cecylia","Popek","1973-04-03"
"11","Konrad","Makur","1999-09-09"
"12","Jadwiga","Luzowska","1970-08-07"
"13","Kornelia","Duda","1960-04-05"
"14","Anna","Cięciwa","1978-05-02"
"15","Olgierd","Mróz","1943-11-27"
"16","Tomasz","Baran","1981-01-15"
"17","Stefan","Olszewski","1973-05-17"
"18","Patrycja","Kluza","2002-02-20"
"19","Aneta","Papier","2018-03-15"
"20","Hanna","Mrok","1969-07-27"
"1","Joanna","Kowalska","1900-08-25"
"2","Jan","Nowak","1975-05-20"
"3","Piotr","Mikluszewski","2000-05-05"
"4","Kamil","Cyran","1998-03-30"
"5","Magdalena","Borowska","1965-03-28"
"6","Monika","Maj","1950-01-01"
"7","Klaudia","Bala","1993-04-14"
"8","Janina","Dudek","1970-06-15"
"9","Zofia","Roznowska","2009-05-16"
"10","Cecylia","Popek","1973-04-03"
"11","Konrad","Makur","1999-09-09"
"12","Jadwiga","Luzowska","1970-08-07"
"13","Kornelia","Duda","1960-04-05"
"14","Anna","Cięciwa","1978-05-02"
"15","Olgierd","Mróz","1943-11-27"
"16","Tomasz","Baran","1981-01-15"
"17","Stefan","Olszewski","1973-05-17"
"18","Patrycja","Kluza","2002-02-20"
"19","Aneta","Papier","2018-03-15"
"20","Hanna","Mrok","1969-07-27"
"1","Joanna","Kowalska","1900-08-25"
"2","Jan","Nowak","1975-05-20"
"3","Piotr","Mikluszewski","2000-05-05"
"4","Kamil","Cyran","1998-03-30"
"5","Magdalena","Borowska","1965-03-28"
"6","Monika","Maj","1950-01-01"
"7","Klaudia","Bala","1993-04-14"
"8","Janina","Dudek","1970-06-15"
"9","Zofia","Roznowska","2009-05-16"
"10","Cecylia","Popek","1973-04-03"
"11","Konrad","Makur","1999-09-09"
"12","Jadwiga","Luzowska","1970-08-07"
"13","Kornelia","Duda","1960-04-05"
"14","Anna","Cięciwa","1978-05-02"
"15","Olgierd","Mróz","1943-11-27"
"16","Tomasz","Baran","1981-01-15"
"17","Stefan","Olszewski","1973-05-17"
"18","Patrycja","Kluza","2002-02-20"
"19","Aneta","Papier","2018-03-15"
"20","Hanna","Mrok","1969-07-27"
"1","Joanna","Kowalska","1900-08-25"
"2","Jan","Nowak","1975-05-20"
"3","Piotr","Mikluszewski","2000-05-05"
"4","Kamil","Cyran","1998-03-30"
"5","Magdalena","Borowska","1965-03-28"
"6","Monika","Maj","1950-01-01"
"7","Klaudia","Bala","1993-04-14"
"8","Janina","Dudek","1970-06-15"
"9","Zofia","Roznowska","2009-05-16"
"10","Cecylia","Popek","1973-04-03"
"11","Konrad","Makur","1999-09-09"
"12","Jadwiga","Luzowska","1970-08-07"
"13","Kornelia","Duda","1960-04-05"
"14","Anna","Cięciwa","1978-05-02"
"15","Olgierd","Mróz","1943-11-27"
"16","Tomasz","Baran","1981-01-15"
"17","Stefan","Olszewski","1973-05-17"
"18","Patrycja","Kluza","2002-02-20"
"19","Aneta","Papier","2018-03-15"
"20","Hanna","Mrok","1969-07-27"
"1","Joanna","Kowalska","1900-08-25"
"2","Jan","Nowak","1975-05-20"
"3","Piotr","Mikluszewski","2000-05-05"
"4","Kamil","Cyran","1998-03-30"
"5","Magdalena","Borowska","1965-03-28"
"6","Monika","Maj","1950-01-01"
"7","Klaudia","Bala","1993-04-14"
"8","Janina","Dudek","1970-06-15"
"9","Zofia","Roznowska","2009-05-16"
"10","Cecylia","Popek","1973-04-03"
"11","Konrad","Makur","1999-09-09"
"12","Jadwiga","Luzowska","1970-08-07"
"13","Kornelia","Duda","1960-04-05"
"14","Anna","Cięciwa","1978-05-02"
"15","Olgierd","Mróz","1943-11-27"
"16","Tomasz","Baran","1981-01-15"
"17","Stefan","Olszewski","1973-05-17"
"18","Patrycja","Kluza","2002-02-20"
"19","Aneta","Papier","2018-03-15"
"20","Hanna","Mrok","1969-07-27"
"1","Joanna","Kowalska","1900-08-25"
"2","Jan","Nowak","1975-05-20"
"3","Piotr","Mikluszewski","2000-05-05"
"4","Kamil","Cyran","1998-03-30"
"5","Magdalena","Borowska","1965-03-28"
"6","Monika","Maj","1950-01-01"
"7","Klaudia","Bala","1993-04-14"
"8","Janina","Dudek","1970-06-15"
"9","Zofia","Roznowska","2009-05-16"
"10","Cecylia","Popek","1973-04-03"
"11","Konrad","Makur","1999-09-09"
"12","Jadwiga","Luzowska","1970-08-07"
"13","Kornelia","Duda","1960-04-05"
"14","Anna","Cięciwa","1978-05-02"
"15","Olgierd","Mróz","1943-11-27"
"16","Tomasz","Baran","1981-01-15"
"17","Stefan","Olszewski","1973-05-17"
"18","Patrycja","Kluza","2002-02-20"
"19","Aneta","Papier","2018-03-15"
"20","Hanna","Mrok","1969-07-27"
"1","Joanna","Kowalska","1900-08-25"
"2","Jan","Nowak","1975-05-20"
"3","Piotr","Mikluszewski","2000-05-05"
"4","Kamil","Cyran","1998-03-30"
"5","Magdalena","Borowska","1965-03-28"
"6","Monika","Maj","1950-01-01"
"7","Klaudia","Bala","1993-04-14"
"8","Janina","Dudek","1970-06-15"
"9","Zofia","Roznowska","2009-05-16"
"10","Cecylia","Popek","1973-04-03"
"11","Konrad","Makur","1999-09-09"
"12","Jadwiga","Luzowska","1970-08-07"
"13","Kornelia","Duda","1960-04-05"
"14","Anna","Cięciwa","1978-05-02"
"15","Olgierd","Mróz","1943-11-27"
"16","Tomasz","Baran","1981-01-15"
"17","Stefan","Olszewski","1973-05-17"
"18","Patrycja","Kluza","2002-02-20"
"19","Aneta","Papier","2018-03-15"
"20","Hanna","Mrok","1969-07-27"
"1","Joanna","Kowalska","1900-08-25"
"2","Jan","Nowak","1975-05-20"
"3","Piotr","Mikluszewski","2000-05-05"
"4","Kamil","Cyran","1998-03-30"
"5","Magdalena","Borowska","1965-03-28"
"6","Monika","Maj","1950-01-01"
"7","Klaudia","Bala","1993-04-14"
"8","Janina","Dudek","1970-06-15"
"9","Zofia","Roznowska","2009-05-16"
"10","Cecylia","Popek","1973-04-03"
"11","Konrad","Makur","1999-09-09"
"12","Jadwiga","Luzowska","1970-08-07"
"13","Kornelia","Duda","1960-04-05"
"14","Anna","Cięciwa","1978-05-02"
"15","Olgierd","Mróz","1943-11-27"
"16","Tomasz","Baran","1981-01-15"
"17","Stefan","Olszewski","1973-05-17"
"18","Patrycja","Kluza","2002-02-20"
"19","Aneta","Papier","2018-03-15"
"20","Hanna","Mrok","1969-07-27"
"1","Joanna","Kowalska","1900-08-25"
"2","Jan","Nowak","1975-05-20"
"3","Piotr","Mikluszewski","2000-05-05"
"4","Kamil","Cyran","1998-03-30"
"5","Magdalena","Borowska","1965-03-28"
"6","Monika","Maj","1950-01-01"
"7","Klaudia","Bala","1993-04-14"
"8","Janina","Dudek","1970-06-15"
"9","Zofia","Roznowska","2009-05-16"
"10","Cecylia","Popek","1973-04-03"
"11","Konrad","Makur","1999-09-09"
"12","Jadwiga","Luzowska","1970-08-07"
"13","Kornelia","Duda","1960-04-05"
"14","Anna","Cięciwa","1978-05-02"
"15","Olgierd","Mróz","1943-11-27"
"16","Tomasz","Baran","1981-01-15"
"17","Stefan","Olszewski","1973-05-17"
"18","Patrycja","Kluza","2002-02-20"
"19","Aneta","Papier","2018-03-15"
"20","Hanna","Mrok","1969-07-27"
"1","Joanna","Kowalska","1900-08-25"
"2","Jan","Nowak","1975-05-20"
"3","Piotr","Mikluszewski","2000-05-05"
"4","Kamil","Cyran","1998-03-30"
"5","Magdalena","Borowska","1965-03-28"
"6","Monika","Maj","1950-01-01"
"7","Klaudia","Bala","1993-04-14"
"8","Janina","Dudek","1970-06-15"
"9","Zofia","Roznowska","2009-05-16"
"10","Cecylia","Popek","1973-04-03"
"11","Konrad","Makur","1999-09-09"
"12","Jadwiga","Luzowska","1970-08-07"
"13","Kornelia","Duda","1960-04-05"
"14","Anna","Cięciwa","1978-05-02"
"15","Olgierd","Mróz","1943-11-27"
"16","Tomasz","Baran","1981-01-15"
"17","Stefan","Olszewski","1973-05-17"
"18","Patrycja","Kluza","2002-02-20"
"19","Aneta","Papier","2018-03-15"
"20","Hanna","Mrok","1969-07-27"
"1","Joanna","Kowalska","1900-08-25"
"2","Jan","Nowak","1975-05-20"
"3","Piotr","Mikluszewski","2000-05-05"
"4","Kamil","Cyran","1998-03-30"
"5","Magdalena","Borowska","1965-03-28"
"6","Monika","Maj","1950-01-01"
"7","Klaudia","Bala","1993-04-14"
"8","Janina","Dudek","1970-06-15"
"9","Zofia","Roznowska","2009-05-16"
"10","Cecylia","Popek","1973-04-03"
"11","Konrad","Makur","1999-09-09"
"12","Jadwiga","Luzowska","1970-08-07"
"13","Kornelia","Duda","1960-04-05"
"14","Anna","Cięciwa","1978-05-02"
"15","Olgierd","Mróz","1943-11-27"
"16","Tomasz","Baran","1981-01-15"
"17","Stefan","Olszewski","1973-05-17"
"18","Patrycja","Kluza","2002-02-20"
"19","Aneta","Papier","2018-03-15"
"20","Hanna","Mrok","1969-07-27"
"1","Joanna","Kowalska","1900-08-25"
"2","Jan","Nowak","1975-05-20"
"3","Piotr","Mikluszewski","2000-05-05"
"4","Kamil","Cyran","1998-03-30"
"5","Magdalena","Borowska","1965-03-28"
"6","Monika","Maj","1950-01-01"
"7","Klaudia","Bala","1993-04-14"
"8","Janina","Dudek","1970-06-15"
"9","Zofia","Roznowska","2009-05-16"
"10","Cecylia","Popek","1973-04-03"
"11","Konrad","Makur","1999-09-09"
"12","Jadwiga","Luzowska","1970-08-07"
"13","Kornelia","Duda","1960-04-05"
"14","Anna","Cięciwa","1978-05-02"
"15","Olgierd","Mróz","1943-11-27"
"16","Tomasz","Baran","1981-01-15"
"17","Stefan","Olszewski","1973-05-17"
"18","Patrycja","Kluza","2002-02-20"
"19","Aneta","Papier","2018-03-15"
"20","Hanna","Mrok","1969-07-27"
"1","Joanna","Kowalska","1900-08-25"
"2","Jan","Nowak","1975-05-20"
"3","Piotr","Mikluszewski","2000-05-05"
"4","Kamil","Cyran","1998-03-30"
"5","Magdalena","Borowska","1965-03-28"
"6","Monika","Maj","1950-01-01"
"7","Klaudia","Bala","1993-04-14"
"8","Janina","Dudek","1970-06-15"
"9","Zofia","Roznowska","2009-05-16"
"10","Cecylia","Popek","1973-04-03"
"11","Konrad","Makur","1999-09-09"
"12","Jadwiga","Luzowska","1970-08-07"
"13","Kornelia","Duda","1960-04-05"
"14","Anna","Cięciwa","1978-05-02"
"15","Olgierd","Mróz","1943-11-27"
"16","Tomasz","Baran","1981-01-15"
"17","Stefan","Olszewski","1973-05-17"
"18","Patrycja","Kluza","2002-02-20"
"19","Aneta","Papier","2018-03-15"
"20","Hanna","Mrok","1969-07-27"
"1","Joanna","Kowalska","1900-08-25"
"2","Jan","Nowak","1975-05-20"
"3","Piotr","Mikluszewski","2000-05-05"
"4","Kamil","Cyran","1998-03-30"
"5","Magdalena","Borowska","1965-03-28"
"6","Monika","Maj","1950-01-01"
"7","Klaudia","Bala","1993-04-14"
"8","Janina","Dudek","1970-06-15"
"9","Zofia","Roznowska","2009-05-16"
"10","Cecylia","Popek","1973-04-03"
"11","Konrad","Makur","1999-09-09"
"12","Jadwiga","Luzowska","1970-08-07"
"13","Kornelia","Duda","1960-04-05"
"14","Anna","Cięciwa","1978-05-02"
"15","Olgierd","Mróz","1943-11-27"
"16","Tomasz","Baran","1981-01-15"
"17","Stefan","Olszewski","1973-05-17"
"18","Patrycja","Kluza","2002-02-20"
"19","Aneta","Papier","2018-03-15"
"20","Hanna","Mrok","1969-07-27"
"1","Joanna","Kowalska","1900-08-25"
"2","Jan","Nowak","1975-05-20"
"3","Piotr","Mikluszewski","2000-05-05"
"4","Kamil","Cyran","1998-03-30"
"5","Magdalena","Borowska","1965-03-28"
"6","Monika","Maj","1950-01-01"
"7","Klaudia","Bala","1993-04-14"
"8","Janina","Dudek","1970-06-15"
"9","Zofia","Roznowska","2009-05-16"
"10","Cecylia","Popek","1973-04-03"
"11","Konrad","Makur","1999-09-09"
"12","Jadwiga","Luzowska","1970-08-07"
"13","Kornelia","Duda","1960-04-05"
"14","Anna","Cięciwa","1978-05-02"
"15","Olgierd","Mróz","1943-11-27"
"16","Tomasz","Baran","1981-01-15"
"17","Stefan","Olszewski","1973-05-17"
"18","Patrycja","Kluza","2002-02-20"
"19","Aneta","Papier","2018-03-15"
"20","Hanna","Mrok","1969-07-27"
"1","Joanna","Kowalska","1900-08-25"
"2","Jan","Nowak","1975-05-20"
"3","Piotr","Mikluszewski","2000-05-05"
"4","Kamil","Cyran","1998-03-30"
"5","Magdalena","Borowska","1965-03-28"
"6","Monika","Maj","1950-01-01"
"7","Klaudia","Bala","1993-04-14"
"8","Janina","Dudek","1970-06-15"
"9","Zofia","Roznowska","2009-05-16"
"10","Cecylia","Popek","1973-04-03"
"11","Konrad","Makur","1999-09-09"
"12","Jadwiga","Luzowska","1970-08-07"
"13","Kornelia","Duda","1960-04-05"
"14","Anna","Cięciwa","1978-05-02"
"15","Olgierd","Mróz","1943-11-27"
"16","Tomasz","Baran","1981-01-15"
"17","Stefan","Olszewski","1973-05-17"
"18","Patrycja","Kluza","2002-02-20"
"19","Aneta","Papier","2018-03-15"
"20","Hanna","Mrok","1969-07-27"
"1","Joanna","Kowalska","1900-08-25"
"2","Jan","Nowak","1975-05-20"
"3","Piotr","Mikluszewski","2000-05-05"
"4","Kamil","Cyran","1998-03-30"
"5","Magdalena","Borowska","1965-03-28"
"6","Monika","Maj","1950-01-01"
"7","Klaudia","Bala","1993-04-14"
"8","Janina","Dudek","1970-06-15"
"9","Zofia","Roznowska","2009-05-16"
"10","Cecylia","Popek","1973-04-03"
"11","Konrad","Makur","1999-09-09"
"12","Jadwiga","Luzowska","1970-08-07"
"13","Kornelia","Duda","1960-04-05"
"14","Anna","Cięciwa","1978-05-02"
"15","Olgierd","Mróz","1943-11-27"
"16","Tomasz","Baran","1981-01-15"
"17","Stefan","Olszewski","1973-05-17"
"18","Patrycja","Kluza","2002-02-20"
"19","Aneta","Papier","2018-03-15"
"20","Hanna","Mrok","1969-07-27"
"1","Joanna","Kowalska","1900-08-25"
"2","Jan","Nowak","1975-05-20"
"3","Piotr","Mikluszewski","2000-05-05"
"4","Kamil","Cyran","1998-03-30"
"5","Magdalena","Borowska","1965-03-28"
"6","Monika","Maj","1950-01-01"
"7","Klaudia","Bala","1993-04-14"
"8","Janina","Dudek","1970-06-15"
"9","Zofia","Roznowska","2009-05-16"
"10","Cecylia","Popek","1973-04-03"
"11","Konrad","Makur","1999-09-09"
"12","Jadwiga","Luzowska","1970-08-07"
"13","Kornelia","Duda","1960-04-05"
"14","Anna","Cięciwa","1978-05-02"
"15","Olgierd","Mróz","1943-11-27"
"16","Tomasz","Baran","1981-01-15"
"17","Stefan","Olszewski","1973-05-17"
"18","Patrycja","Kluza","2002-02-20"
"19","Aneta","Papier","2018-03-15"
"20","Hanna","Mrok","1969-07-27"
"1","Joanna","Kowalska","1900-08-25"
"2","Jan","Nowak","1975-05-20"
"3","Piotr","Mikluszewski","2000-05-05"
"4","Kamil","Cyran","1998-03-30"
"5","Magdalena","Borowska","1965-03-28"
"6","Monika","Maj","1950-01-01"
"7","Klaudia","Bala","1993-04-14"
"8","Janina","Dudek","1970-06-15"
"9","Zofia","Roznowska","2009-05-16"
"10","Cecylia","Popek","1973-04-03"
"11","Konrad","Makur","1999-09-09"
"12","Jadwiga","Luzowska","1970-08-07"
"13","Kornelia","Duda","1960-04-05"
"14","Anna","Cięciwa","1978-05-02"
"15","Olgierd","Mróz","1943-11-27"
"16","Tomasz","Baran","1981-01-15"
"17","Stefan","Olszewski","1973-05-17"
"18","Patrycja","Kluza","2002-02-20"
"19","Aneta","Papier","2018-03-15"
"20","Hanna","Mrok","1969-07-27"
"1","Joanna","Kowalska","1900-08-25"
"2","Jan","Nowak","1975-05-20"
"3","Piotr","Mikluszewski","2000-05-05"
"4","Kamil","Cyran","1998-03-30"
"5","Magdalena","Borowska","1965-03-28"
"6","Monika","Maj","1950-01-01"
"7","Klaudia","Bala","1993-04-14"
"8","Janina","Dudek","1970-06-15"
"9","Zofia","Roznowska","2009-05-16"
"10","Cecylia","Popek","1973-04-03"
"11","Konrad","Makur","1999-09-09"
"12","Jadwiga","Luzowska","1970-08-07"
"13","Kornelia","Duda","1960-04-05"
"14","Anna","Cięciwa","1978-05-02"
"15","Olgierd","Mróz","1943-11-27"
"16","Tomasz","Baran","1981-01-15"
"17","Stefan","Olszewski","1973-05-17"
"18","Patrycja","Kluza","2002-02-20"
"19","Aneta","Papier","2018-03-15"
"20","Hanna","Mrok","1969-07-27"
"1","Joanna","Kowalska","1900-08-25"
"2","Jan","Nowak","1975-05-20"
"3","Piotr","Mikluszewski","2000-05-05"
"4","Kamil","Cyran","1998-03-30"
"5","Magdalena","Borowska","1965-03-28"
"6","Monika","Maj","1950-01-01"
"7","Klaudia","Bala","1993-04-14"
"8","Janina","Dudek","1970-06-15"
"9","Zofia","Roznowska","2009-05-16"
"10","Cecylia","Popek","1973-04-03"
"11","Konrad","Makur","1999-09-09"
"12","Jadwiga","Luzowska","1970-08-07"
"13","Kornelia","Duda","1960-04-05"
"14","Anna","Cięciwa","1978-05-02"
"15","Olgierd","Mróz","1943-11-27"
"16","Tomasz","Baran","1981-01-15"
"17","Stefan","Olszewski","1973-05-17"
"18","Patrycja","Kluza","2002-02-20"
"19","Aneta","Papier","2018-03-15"
"20","Hanna","Mrok","1969-07-27"
"1","Joanna","Kowalska","1900-08-25"
"2","Jan","Nowak","1975-05-20"
"3","Piotr","Mikluszewski","2000-05-05"
"4","Kamil","Cyran","1998-03-30"
"5","Magdalena","Borowska","1965-03-28"
"6","Monika","Maj","1950-01-01"
"7","Klaudia","Bala","1993-04-14"
"8","Janina","Dudek","1970-06-15"
"9","Zofia","Roznowska","2009-05-16"
"10","Cecylia","Popek","1973-04-03"
"11","Konrad","Makur","1999-09-09"
"12","Jadwiga","Luzowska","1970-08-07"
"13","Kornelia","Duda","1960-04-05"
"14","Anna","Cięciwa","1978-05-02"
"15","Olgierd","Mróz","1943-11-27"
"16","Tomasz","Baran","1981-01-15"
"17","Stefan","Olszewski","1973-05-17"
"18","Patrycja","Kluza","2002-02-20"
"19","Aneta","Papier","2018-03-15"
"20","Hanna","Mrok","1969-07-27"
"1","Joanna","Kowalska","1900-08-25"
"2","Jan","Nowak","1975-05-20"
"3","Piotr","Mikluszewski","2000-05-05"
"4","Kamil","Cyran","1998-03-30"
"5","Magdalena","Borowska","1965-03-28"
"6","Monika","Maj","1950-01-01"
"7","Klaudia","Bala","1993-04-14"
"8","Janina","Dudek","1970-06-15"
"9","Zofia","Roznowska","2009-05-16"
"10","Cecylia","Popek","1973-04-03"
"11","Konrad","Makur","1999-09-09"
"12","Jadwiga","Luzowska","1970-08-07"
"13","Kornelia","Duda","1960-04-05"
"14","Anna","Cięciwa","1978-05-02"
"15","Olgierd","Mróz","1943-11-27"
"16","Tomasz","Baran","1981-01-15"
"17","Stefan","Olszewski","1973-05-17"
"18","Patrycja","Kluza","2002-02-20"
"19","Aneta","Papier","2018-03-15"
"20","Hanna","Mrok","1969-07-27"
"1","Joanna","Kowalska","1900-08-25"
"2","Jan","Nowak","1975-05-20"
"3","Piotr","Mikluszewski","2000-05-05"
"4","Kamil","Cyran","1998-03-30"
"5","Magdalena","Borowska","1965-03-28"
"6","Monika","Maj","1950-01-01"
"7","Klaudia","Bala","1993-04-14"
"8","Janina","Dudek","1970-06-15"
"9","Zofia","Roznowska","2009-05-16"
"10","Cecylia","Popek","1973-04-03"
"11","Konrad","Makur","1999-09-09"
"12","Jadwiga","Luzowska","1970-08-07"
"13","Kornelia","Duda","1960-04-05"
"14","Anna","Cięciwa","1978-05-02"
"15","Olgierd","Mróz","1943-11-27"
"16","Tomasz","Baran","1981-01-15"
"17","Stefan","Olszewski","1973-05-17"
"18","Patrycja","Kluza","2002-02-20"
"19","Aneta","Papier","2018-03-15"
"20","Hanna","Mrok","1969-07-27"
"1","Joanna","Kowalska","1900-08-25"
"2","Jan","Nowak","1975-05-20"
"3","Piotr","Mikluszewski","2000-05-05"
"4","Kamil","Cyran","1998-03-30"
"5","Magdalena","Borowska","1965-03-28"
"6","Monika","Maj","1950-01-01"
"7","Klaudia","Bala","1993-04-14"
"8","Janina","Dudek","1970-06-15"
"9","Zofia","Roznowska","2009-05-16"
"10","Cecylia","Popek","1973-04-03"
"11","Konrad","Makur","1999-09-09"
"12","Jadwiga","Luzowska","1970-08-07"
"13","Kornelia","Duda","1960-04-05"
"14","Anna","Cięciwa","1978-05-02"
"15","Olgierd","Mróz","1943-11-27"
"16","Tomasz","Baran","1981-01-15"
"17","Stefan","Olszewski","1973-05-17"
"18","Patrycja","Kluza","2002-02-20"
"19","Aneta","Papier","2018-03-15"
"20","Hanna","Mrok","1969-07-27"
"1","Joanna","Kowalska","1900-08-25"
"2","Jan","Nowak","1975-05-20"
"3","Piotr","Mikluszewski","2000-05-05"
"4","Kamil","Cyran","1998-03-30"
"5","Magdalena","Borowska","1965-03-28"
"6","Monika","Maj","1950-01-01"
"7","Klaudia","Bala","1993-04-14"
"8","Janina","Dudek","1970-06-15"
"9","Zofia","Roznowska","2009-05-16"
"10","Cecylia","Popek","1973-04-03"
"11","Konrad","Makur","1999-09-09"
"12","Jadwiga","Luzowska","1970-08-07"
"13","Kornelia","Duda","1960-04-05"
"14","Anna","Cięciwa","1978-05-02"
"15","Olgierd","Mróz","1943-11-27"
"16","Tomasz","Baran","1981-01-15"
"17","Stefan","Olszewski","1973-05-17"
"18","Patrycja","Kluza","2002-02-20"
"19","Aneta","Papier","2018-03-15"
"20","Hanna","Mrok","1969-07-27"
"1","Joanna","Kowalska","1900-08-25"
"2","Jan","Nowak","1975-05-20"
"3","Piotr","Mikluszewski","2000-05-05"
"4","Kamil","Cyran","1998-03-30"
"5","Magdalena","Borowska","1965-03-28"
"6","Monika","Maj","1950-01-01"
"7","Klaudia","Bala","1993-04-14"
"8","Janina","Dudek","1970-06-15"
"9","Zofia","Roznowska","2009-05-16"
"10","Cecylia","Popek","1973-04-03"
"11","Konrad","Makur","1999-09-09"
"12","Jadwiga","Luzowska","1970-08-07"
"13","Kornelia","Duda","1960-04-05"
"14","Anna","Cięciwa","1978-05-02"
"15","Olgierd","Mróz","1943-11-27"
"16","Tomasz","Baran","1981-01-15"
"17","Stefan","Olszewski","1973-05-17"
"18","Patrycja","Kluza","2002-02-20"
"19","Aneta","Papier","2018-03-15"
"20","Hanna","Mrok","1969-07-27"
"1","Joanna","Kowalska","1900-08-25"
"2","Jan","Nowak","1975-05-20"
"3","Piotr","Mikluszewski","2000-05-05"
"4","Kamil","Cyran","1998-03-30"
"5","Magdalena","Borowska","1965-03-28"
"6","Monika","Maj","1950-01-01"
"7","Klaudia","Bala","1993-04-14"
"8","Janina","Dudek","1970-06-15"
"9","Zofia","Roznowska","2009-05-16"
"10","Cecylia","Popek","1973-04-03"
"11","Konrad","Makur","1999-09-09"
"12","Jadwiga","Luzowska","1970-08-07"
"13","Kornelia","Duda","1960-04-05"
"14","Anna","Cięciwa","1978-05-02"
"15","Olgierd","Mróz","1943-11-27"
"16","Tomasz","Baran","1981-01-15"
"17","Stefan","Olszewski","1973-05-17"
"18","Patrycja","Kluza","2002-02-20"
"19","Aneta","Papier","2018-03-15"
"20","Hanna","Mrok","1969-07-27"
"1","Joanna","Kowalska","1900-08-25"
"2","Jan","Nowak","1975-05-20"
"3","Piotr","Mikluszewski","2000-05-05"
"4","Kamil","Cyran","1998-03-30"
"5","Magdalena","Borowska","1965-03-28"
"6","Monika","Maj","1950-01-01"
"7","Klaudia","Bala","1993-04-14"
"8","Janina","Dudek","1970-06-15"
"9","Zofia","Roznowska","2009-05-16"
"10","Cecylia","Popek","1973-04-03"
"11","Konrad","Makur","1999-09-09"
"12","Jadwiga","Luzowska","1970-08-07"
"13","Kornelia","Duda","1960-04-05"
"14","Anna","Cięciwa","1978-05-02"
"15","Olgierd","Mróz","1943-11-27"
"16","Tomasz","Baran","1981-01-15"
"17","Stefan","Olszewski","1973-05-17"
"18","Patrycja","Kluza","2002-02-20"
"19","Aneta","Papier","2018-03-15"
"20","Hanna","Mrok","1969-07-27"
"1","Joanna","Kowalska","1900-08-25"
"2","Jan","Nowak","1975-05-20"
"3","Piotr","Mikluszewski","2000-05-05"
"4","Kamil","Cyran","1998-03-30"
"5","Magdalena","Borowska","1965-03-28"
"6","Monika","Maj","1950-01-01"
"7","Klaudia","Bala","1993-04-14"
"8","Janina","Dudek","1970-06-15"
"9","Zofia","Roznowska","2009-05-16"
"10","Cecylia","Popek","1973-04-03"
"11","Konrad","Makur","1999-09-09"
"12","Jadwiga","Luzowska","1970-08-07"
"13","Kornelia","Duda","1960-04-05"
"14","Anna","Cięciwa","1978-05-02"
"15","Olgierd","Mróz","1943-11-27"
"16","Tomasz","Baran","1981-01-15"
"17","Stefan","Olszewski","1973-05-17"
"18","Patrycja","Kluza","2002-02-20"
"19","Aneta","Papier","2018-03-15"
"20","Hanna","Mrok","1969-07-27"